{"cameraMode":{"drawMode":0,"name":"Shaded","section":"Shading Mode"},"sceneLighting":true,"audioPlay":false,"sceneViewState":{"showFog":true,"showMaterialUpdate":false,"showSkybox":true,"showFlares":true,"showImageEffects":true,"showParticleSystems":true},"in2DMode":false,"pivot":{"x":179.4837188720703,"y":1.1207600831985474,"z":-253.53921508789063},"rotation":{"x":0.18917249143123628,"y":-0.6794426441192627,"z":0.1880417913198471,"w":0.6835315227508545},"size":5.551907062530518,"orthographic":true}